,date,cases,order_code,Face_Masks_Required_in_Public,mean_cases,daily_confirmed_cases,daily_increase_rate
10,2020-02-01,0,2.0,No,0.0,0,0.0
11,2020-02-02,0,2.0,No,0.0,0,0.0
12,2020-02-03,0,2.0,No,0.0,0,0.0
13,2020-02-04,0,2.0,No,0.0,0,0.0
14,2020-02-05,0,2.0,No,0.0,0,0.0
15,2020-02-06,0,2.0,No,0.0,0,0.0
16,2020-02-07,0,2.0,No,0.0,0,0.0
17,2020-02-08,0,2.0,No,0.0,0,0.0
18,2020-02-09,0,2.0,No,0.0,0,0.0
19,2020-02-10,0,2.0,No,0.0,0,0.0
20,2020-02-11,0,2.0,No,0.0,0,0.0
21,2020-02-12,0,2.0,No,0.0,0,0.0
22,2020-02-13,0,2.0,No,0.0,0,0.0
23,2020-02-14,0,2.0,No,0.0,0,0.0
24,2020-02-15,0,2.0,No,0.0,0,0.0
25,2020-02-16,0,2.0,No,0.0,0,0.0
26,2020-02-17,0,2.0,No,0.0,0,0.0
27,2020-02-18,0,2.0,No,0.0,0,0.0
28,2020-02-19,0,2.0,No,0.0,0,0.0
29,2020-02-20,0,2.0,No,0.0,0,0.0
30,2020-02-21,0,2.0,No,0.0,0,0.0
31,2020-02-22,0,2.0,No,0.0,0,0.0
32,2020-02-23,0,2.0,No,0.0,0,0.0
33,2020-02-24,0,2.0,No,0.0,0,0.0
34,2020-02-25,0,2.0,No,0.0,0,0.0
35,2020-02-26,0,2.0,No,0.0,0,0.0
36,2020-02-27,0,2.0,No,0.0,0,0.0
37,2020-02-28,0,2.0,No,0.0,0,0.0
38,2020-02-29,0,2.0,No,0.0,0,0.0
39,2020-03-01,0,2.0,No,0.0,0,0.0
40,2020-03-02,0,2.0,No,0.0,0,0.0
41,2020-03-03,0,2.0,No,0.0,0,0.0
42,2020-03-04,0,2.0,No,0.0,0,0.0
43,2020-03-05,0,2.0,No,0.0,1,0.00013691221873096064
44,2020-03-06,1,2.0,No,0.14285714285714285,0,0.0
45,2020-03-07,1,2.0,No,0.2857142857142857,0,0.0
46,2020-03-08,1,2.0,No,0.42857142857142855,0,0.0
47,2020-03-09,1,2.0,No,0.5714285714285714,0,0.0
48,2020-03-10,1,2.0,No,0.7142857142857143,0,0.0
49,2020-03-11,1,2.0,No,0.8571428571428571,0,0.0
50,2020-03-12,1,2.0,No,1.0,1,0.00013691221873096064
51,2020-03-13,2,2.0,No,1.1428571428571428,1,0.00013691221873096064
52,2020-03-14,3,2.0,No,1.4285714285714286,1,0.00013691221873096064
53,2020-03-15,4,2.0,No,1.8571428571428572,2,0.0002738244374619213
54,2020-03-16,6,2.0,No,2.5714285714285716,0,0.0
55,2020-03-17,6,2.0,No,3.2857142857142856,2,0.0002738244374619213
56,2020-03-18,8,2.0,No,4.285714285714286,7,0.0009583855311167245
57,2020-03-19,15,2.0,No,6.285714285714286,12,0.0016429466247715276
58,2020-03-20,27,2.0,No,9.857142857142858,10,0.0013691221873096064
59,2020-03-21,37,2.0,No,14.714285714285714,14,0.001916771062233449
60,2020-03-22,51,2.0,No,21.428571428571427,18,0.0024644199371572917
61,2020-03-23,69,2.0,No,30.428571428571427,37,0.005065752093045543
62,2020-03-24,106,2.0,No,44.714285714285715,16,0.00219059549969537
63,2020-03-25,122,2.0,No,61.0,15,0.00205368328096441
64,2020-03-26,137,2.0,No,78.42857142857143,23,0.0031489810308120945
65,2020-03-27,160,2.0,No,97.42857142857143,24,0.0032858932495430553
66,2020-03-28,184,2.0,No,118.42857142857143,30,0.00410736656192882
67,2020-03-29,214,2.0,No,141.71428571428572,31,0.0042442787806597805
68,2020-03-30,245,2.0,No,166.85714285714286,41,0.005613400967969386
69,2020-03-31,286,2.0,No,192.57142857142858,28,0.003833542124466898
70,2020-04-01,314,2.0,No,220.0,26,0.0035597176870049768
71,2020-04-02,340,2.0,No,249.0,34,0.004655015436852662
72,2020-04-03,374,2.0,No,279.57142857142856,32,0.00438119099939074
73,2020-04-04,406,2.0,No,311.2857142857143,29,0.003970454343197859
74,2020-04-05,435,2.0,No,342.85714285714283,6,0.0008214733123857638
75,2020-04-06,441,2.0,No,370.85714285714283,16,0.00219059549969537
76,2020-04-07,457,2.0,No,395.2857142857143,15,0.00205368328096441
77,2020-04-08,472,2.0,No,417.85714285714283,62,0.008488557561319561
78,2020-04-09,534,2.0,No,445.57142857142856,16,0.00219059549969537
79,2020-04-10,550,2.0,No,470.7142857142857,28,0.003833542124466898
80,2020-04-11,578,2.0,No,495.2857142857143,35,0.004791927655583623
81,2020-04-12,613,2.0,No,520.7142857142857,28,0.003833542124466898
82,2020-04-13,641,2.0,No,549.2857142857143,11,0.0015060344060405671
83,2020-04-14,652,2.0,No,577.1428571428571,16,0.00219059549969537
84,2020-04-15,668,2.0,No,605.1428571428571,21,0.0028751565933501735
85,2020-04-16,689,2.0,No,627.2857142857143,19,0.002601332155888252
86,2020-04-17,708,2.0,No,649.8571428571429,13,0.0017798588435024884
87,2020-04-18,721,2.0,No,670.2857142857143,10,0.0013691221873096064
88,2020-04-19,731,2.0,No,687.1428571428571,3,0.0004107366561928819
89,2020-04-20,734,2.0,No,700.4285714285714,10,0.0013691221873096064
90,2020-04-21,744,2.0,No,713.5714285714286,30,0.00410736656192882
91,2020-04-22,774,2.0,No,728.7142857142857,24,0.0032858932495430553
92,2020-04-23,798,2.0,No,744.2857142857143,55,0.007530172030202835
93,2020-04-24,853,2.0,No,765.0,9,0.0012322099685786458
94,2020-04-25,862,2.0,No,785.1428571428571,5,0.0006845610936548032
95,2020-04-26,867,2.0,No,804.5714285714286,12,0.0016429466247715276
96,2020-04-27,879,2.0,No,825.2857142857143,5,0.0006845610936548032
97,2020-04-28,884,2.0,No,845.2857142857143,23,0.0031489810308120945
98,2020-04-29,907,2.0,No,864.2857142857143,25,0.003422805468274016
99,2020-04-30,932,2.0,No,883.4285714285714,32,0.00438119099939074
100,2020-05-01,964,2.0,No,899.2857142857143,24,0.0032858932495430553
101,2020-05-02,988,2.0,No,917.2857142857143,6,0.0008214733123857638
102,2020-05-03,994,2.0,No,935.4285714285714,11,0.0015060344060405671
103,2020-05-04,1005,2.0,No,953.4285714285714,23,0.0031489810308120945
104,2020-05-05,1028,2.0,No,974.0,27,0.0036966299057359375
105,2020-05-06,1055,2.0,No,995.1428571428571,24,0.0032858932495430553
106,2020-05-07,1079,2.0,No,1016.1428571428571,18,0.0024644199371572917
107,2020-05-08,1097,2.0,No,1035.142857142857,12,0.0016429466247715276
108,2020-05-09,1109,2.0,No,1052.4285714285713,15,0.00205368328096441
109,2020-05-10,1124,2.0,No,1071.0,13,0.0017798588435024884
110,2020-05-11,1137,2.0,No,1089.857142857143,20,0.0027382443746192127
111,2020-05-12,1157,2.0,No,1108.2857142857142,18,0.0024644199371572917
112,2020-05-13,1175,2.0,No,1125.4285714285713,29,0.003970454343197859
113,2020-05-14,1204,2.0,No,1143.2857142857142,47,0.00643487428035515
114,2020-05-15,1251,2.0,No,1165.2857142857142,40,0.0054764887492384255
115,2020-05-16,1291,2.0,No,1191.2857142857142,23,0.0031489810308120945
116,2020-05-17,1314,2.0,No,1218.4285714285713,34,0.004655015436852662
117,2020-05-18,1348,2.0,No,1248.5714285714287,9,0.0012322099685786458
118,2020-05-19,1357,2.0,No,1277.142857142857,29,0.003970454343197859
119,2020-05-20,1386,2.0,No,1307.2857142857142,42,0.005750313186700347
120,2020-05-21,1428,2.0,No,1339.2857142857142,32,0.00438119099939074
121,2020-05-22,1460,2.0,No,1369.142857142857,33,0.004518103218121701
122,2020-05-23,1493,2.0,No,1398.0,12,0.0016429466247715276
123,2020-05-24,1505,2.0,No,1425.2857142857142,30,0.00410736656192882
124,2020-05-25,1535,2.0,No,1452.0,46,0.006297962061624189
125,2020-05-26,1581,2.0,No,1484.0,19,0.002601332155888252
126,2020-05-27,1600,2.0,No,1514.5714285714287,36,0.004928839874314583
127,2020-05-28,1636,2.0,No,1544.2857142857142,38,0.005202664311776504
128,2020-05-29,1674,2.0,No,1574.857142857143,43,0.005887225405431308
129,2020-05-30,1717,2.0,No,1606.857142857143,15,0.00205368328096441
130,2020-05-31,1732,2.0,No,1639.2857142857142,16,0.00219059549969537
131,2020-06-01,1748,2.0,No,1669.7142857142858,13,0.0017798588435024884
132,2020-06-02,1761,2.0,No,1695.4285714285713,17,0.002327507718426331
133,2020-06-03,1778,2.0,No,1720.857142857143,10,0.0013691221873096064
134,2020-06-04,1788,2.0,No,1742.5714285714287,14,0.001916771062233449
135,2020-06-05,1802,2.0,No,1760.857142857143,15,0.00205368328096441
136,2020-06-06,1817,2.0,No,1775.142857142857,17,0.002327507718426331
137,2020-06-07,1834,2.0,No,1789.7142857142858,28,0.003833542124466898
138,2020-06-08,1862,2.0,No,1806.0,18,0.0024644199371572917
139,2020-06-09,1880,2.0,No,1823.0,8,0.001095297749847685
140,2020-06-10,1888,2.0,No,1838.7142857142858,19,0.002601332155888252
141,2020-06-11,1907,2.0,No,1855.7142857142858,13,0.0017798588435024884
142,2020-06-12,1920,2.0,No,1872.5714285714287,5,0.0006845610936548032
143,2020-06-13,1925,2.0,No,1888.0,7,0.0009583855311167245
144,2020-06-14,1932,2.0,No,1902.0,9,0.0012322099685786458
145,2020-06-15,1941,2.0,No,1913.2857142857142,19,0.002601332155888252
146,2020-06-16,1960,2.0,No,1924.7142857142858,41,0.005613400967969386
147,2020-06-17,2001,2.0,No,1940.857142857143,23,0.0031489810308120945
148,2020-06-18,2024,2.0,No,1957.5714285714287,39,0.005339576530507465
149,2020-06-19,2063,2.0,No,1978.0,16,0.00219059549969537
150,2020-06-20,2079,2.0,No,2000.0,22,0.0030120688120811342
151,2020-06-21,2101,2.0,No,2024.142857142857,12,0.0016429466247715276
152,2020-06-22,2113,2.0,No,2048.714285714286,26,0.0035597176870049768
153,2020-06-23,2139,2.0,No,2074.285714285714,34,0.004655015436852662
154,2020-06-24,2173,2.0,No,2098.8571428571427,47,0.00643487428035515
155,2020-06-25,2220,2.0,No,2126.8571428571427,46,0.006297962061624189
156,2020-06-26,2266,2.0,No,2155.8571428571427,30,0.00410736656192882
157,2020-06-27,2296,2.0,No,2186.8571428571427,31,0.0042442787806597805
158,2020-06-28,2327,2.0,No,2219.1428571428573,33,0.004518103218121701
159,2020-06-29,2360,2.0,No,2254.4285714285716,14,0.001916771062233449
160,2020-06-30,2374,2.0,No,2288.0,57,0.007803996467664756
161,2020-07-01,2431,2.0,No,2324.8571428571427,43,0.005887225405431308
162,2020-07-02,2474,2.0,No,2361.1428571428573,51,0.006982523155278993
163,2020-07-03,2525,1.0,Yes,2398.1428571428573,49,0.006708698717817071
164,2020-07-04,2574,1.0,Yes,2437.8571428571427,34,0.004655015436852662
165,2020-07-05,2608,1.0,Yes,2478.0,37,0.005065752093045543
166,2020-07-06,2645,1.0,Yes,2518.714285714286,40,0.0054764887492384255
167,2020-07-07,2685,1.0,Yes,2563.1428571428573,66,0.009036206436243402
168,2020-07-08,2751,1.0,Yes,2608.8571428571427,53,0.007256347592740914
169,2020-07-09,2804,1.0,Yes,2656.0,131,0.017935500653755845
170,2020-07-10,2935,1.0,Yes,2714.5714285714284,65,0.008899294217512442
171,2020-07-11,3000,1.0,Yes,2775.4285714285716,59,0.008077820905126678
172,2020-07-12,3059,1.0,Yes,2839.8571428571427,43,0.005887225405431308
173,2020-07-13,3102,1.0,Yes,2905.1428571428573,66,0.009036206436243402
174,2020-07-14,3168,1.0,Yes,2974.1428571428573,48,0.006571786499086111
175,2020-07-15,3216,1.0,Yes,3040.5714285714284,90,0.012322099685786457
176,2020-07-16,3306,1.0,Yes,3112.285714285714,101,0.013828134091827026
177,2020-07-17,3407,1.0,Yes,3179.714285714286,70,0.009583855311167245
178,2020-07-18,3477,1.0,Yes,3247.8571428571427,40,0.0054764887492384255
179,2020-07-19,3517,1.0,Yes,3313.285714285714,87,0.011911363029593575
180,2020-07-20,3604,1.0,Yes,3385.0,82,0.011226801935938772
181,2020-07-21,3686,1.0,Yes,3459.0,100,0.013691221873096064
182,2020-07-22,3786,1.0,Yes,3540.4285714285716,78,0.01067915306101493
183,2020-07-23,3864,1.0,Yes,3620.1428571428573,64,0.00876238199878148
184,2020-07-24,3928,1.0,Yes,3694.5714285714284,105,0.014375782966750869
185,2020-07-25,4033,1.0,Yes,3774.0,95,0.013006660779441261
186,2020-07-26,4128,1.0,Yes,3861.285714285714,22,0.0030120688120811342
187,2020-07-27,4150,1.0,Yes,3939.285714285714,115,0.015744905154060476
188,2020-07-28,4265,1.0,Yes,4022.0,62,0.008488557561319561
189,2020-07-29,4327,1.0,Yes,4099.285714285715,54,0.007393259811471875
190,2020-07-30,4381,1.0,Yes,4173.142857142857,92,0.012595924123248378
191,2020-07-31,4473,1.0,Yes,4251.0,68,0.009310030873705324
192,2020-08-01,4541,1.0,Yes,4323.571428571428,43,0.005887225405431308
193,2020-08-02,4584,1.0,Yes,4388.714285714285,41,0.005613400967969386
194,2020-08-03,4625,1.0,Yes,4456.571428571428,38,0.005202664311776504
195,2020-08-04,4663,1.0,Yes,4513.428571428572,91,0.012459011904517418
196,2020-08-05,4754,1.0,Yes,4574.428571428572,78,0.01067915306101493
197,2020-08-06,4832,1.0,Yes,4638.857142857143,79,0.010816065279745891
198,2020-08-07,4911,1.0,Yes,4701.428571428572,47,0.00643487428035515
199,2020-08-08,4958,1.0,Yes,4761.0,48,0.006571786499086111
200,2020-08-09,5006,1.0,Yes,4821.285714285715,128,0.01752476399756296
201,2020-08-10,5134,1.0,Yes,4894.0,49,0.006708698717817071
202,2020-08-11,5183,1.0,Yes,4968.285714285715,46,0.006297962061624189
203,2020-08-12,5229,1.0,Yes,5036.142857142857,105,0.014375782966750869
204,2020-08-13,5334,1.0,Yes,5107.857142857143,55,0.007530172030202835
205,2020-08-14,5389,1.0,Yes,5176.142857142857,49,0.006708698717817071
206,2020-08-15,5438,1.0,Yes,5244.714285714285,40,0.0054764887492384255
207,2020-08-16,5478,1.0,Yes,5312.142857142857,31,0.0042442787806597805
208,2020-08-17,5509,1.0,Yes,5365.714285714285,25,0.003422805468274016
209,2020-08-18,5534,1.0,Yes,5415.857142857143,33,0.004518103218121701
210,2020-08-19,5567,1.0,Yes,5464.142857142857,55,0.007530172030202835
211,2020-08-20,5622,1.0,Yes,5505.285714285715,0,0.0
212,2020-08-21,5622,1.0,Yes,5538.571428571428,73,0.009994591967360127
213,2020-08-22,5695,1.0,Yes,5575.285714285715,28,0.003833542124466898
214,2020-08-23,5723,1.0,Yes,5610.285714285715,24,0.0032858932495430553
215,2020-08-24,5747,1.0,Yes,5644.285714285715,59,0.008077820905126678
216,2020-08-25,5806,1.0,Yes,5683.142857142857,39,0.005339576530507465
217,2020-08-26,5845,1.0,Yes,5722.857142857143,53,0.007256347592740914
218,2020-08-27,5898,1.0,Yes,5762.285714285715,50,0.006845610936548032
219,2020-08-28,5948,1.0,Yes,5808.857142857143,40,0.0054764887492384255
220,2020-08-29,5988,1.0,Yes,5850.714285714285,19,0.002601332155888252
221,2020-08-30,6007,1.0,Yes,5891.285714285715,11,0.0015060344060405671
222,2020-08-31,6018,1.0,Yes,5930.0,30,0.00410736656192882
223,2020-09-01,6048,1.0,Yes,5964.571428571428,22,0.0030120688120811342
224,2020-09-02,6070,1.0,Yes,5996.714285714285,28,0.003833542124466898
225,2020-09-03,6098,1.0,Yes,6025.285714285715,0,0.0
226,2020-09-04,6098,1.0,Yes,6046.714285714285,97,0.013280485216903183
227,2020-09-05,6195,1.0,Yes,6076.285714285715,20,0.0027382443746192127
228,2020-09-06,6215,1.0,Yes,6106.0,26,0.0035597176870049768
229,2020-09-07,6241,1.0,Yes,6137.857142857143,0,0.0
230,2020-09-08,6241,1.0,Yes,6165.428571428572,23,0.0031489810308120945
231,2020-09-09,6264,1.0,Yes,6193.142857142857,20,0.0027382443746192127
232,2020-09-10,6284,1.0,Yes,6219.714285714285,23,0.0031489810308120945
233,2020-09-11,6307,1.0,Yes,6249.571428571428,39,0.005339576530507465
234,2020-09-12,6346,1.0,Yes,6271.142857142857,32,0.00438119099939074
235,2020-09-13,6378,1.0,Yes,6294.428571428572,28,0.003833542124466898
236,2020-09-14,6406,1.0,Yes,6318.0,37,0.005065752093045543
237,2020-09-15,6443,1.0,Yes,6346.857142857143,65,0.008899294217512442
238,2020-09-16,6508,1.0,Yes,6381.714285714285,38,0.005202664311776504
239,2020-09-17,6546,1.0,Yes,6419.142857142857,35,0.004791927655583623
240,2020-09-18,6581,1.0,Yes,6458.285714285715,61,0.0083516453425886
241,2020-09-19,6642,1.0,Yes,6500.571428571428,21,0.0028751565933501735
242,2020-09-20,6663,1.0,Yes,6541.285714285715,24,0.0032858932495430553
243,2020-09-21,6687,1.0,Yes,6581.428571428572,25,0.003422805468274016
244,2020-09-22,6712,1.0,Yes,6619.857142857143,31,0.0042442787806597805
245,2020-09-23,6743,1.0,Yes,6653.428571428572,17,0.002327507718426331
246,2020-09-24,6760,1.0,Yes,6684.0,40,0.0054764887492384255
247,2020-09-25,6800,1.0,Yes,6715.285714285715,45,0.006161049842893228
248,2020-09-26,6845,1.0,Yes,6744.285714285715,26,0.0035597176870049768
249,2020-09-27,6871,1.0,Yes,6774.0,21,0.0028751565933501735
250,2020-09-28,6892,1.0,Yes,6803.285714285715,33,0.004518103218121701
251,2020-09-29,6925,1.0,Yes,6833.714285714285,37,0.005065752093045543
252,2020-09-30,6962,1.0,Yes,6865.0,65,0.008899294217512442
253,2020-10-01,7027,1.0,Yes,6903.142857142857,47,0.00643487428035515
254,2020-10-02,7074,1.0,Yes,6942.285714285715,64,0.00876238199878148
255,2020-10-03,7138,1.0,Yes,6984.142857142857,49,0.006708698717817071
256,2020-10-04,7187,1.0,Yes,7029.285714285715,49,0.006708698717817071
257,2020-10-05,7236,1.0,Yes,7078.428571428572,48,0.006571786499086111
258,2020-10-06,7284,1.0,Yes,7129.714285714285,58,0.007940908686395718
259,2020-10-07,7342,1.0,Yes,7184.0,117,0.016018729591522392
260,2020-10-08,7459,1.0,Yes,7245.714285714285,90,0.012322099685786457
261,2020-10-09,7549,1.0,Yes,7313.571428571428,83,0.011363714154669734
262,2020-10-10,7632,1.0,Yes,7384.142857142857,74,0.010131504186091086
263,2020-10-11,7706,1.0,Yes,7458.285714285715,36,0.004928839874314583
264,2020-10-12,7742,1.0,Yes,7530.571428571428,103,0.014101958529288947
265,2020-10-13,7845,1.0,Yes,7610.714285714285,63,0.008625469780050521
266,2020-10-14,7908,1.0,Yes,7691.571428571428,156,0.02135830612202986
267,2020-10-15,8064,1.0,Yes,7778.0,129,0.01766167621629392
268,2020-10-16,8193,1.0,Yes,7870.0,160,0.021905954996953702
269,2020-10-17,8353,1.0,Yes,7973.0,106,0.014512695185481829
270,2020-10-18,8459,1.0,Yes,8080.571428571428,123,0.01684020290390816
271,2020-10-19,8582,1.0,Yes,8200.57142857143,182,0.024918023809034837
272,2020-10-20,8764,1.0,Yes,8331.857142857143,239,0.03272202027669959
273,2020-10-21,9003,1.0,Yes,8488.285714285714,169,0.02313816496553235
274,2020-10-22,9172,1.0,Yes,8646.57142857143,177,0.024233462715380034
275,2020-10-23,9349,1.0,Yes,8811.714285714286,243,0.03326966915162344
276,2020-10-24,9592,1.0,Yes,8988.714285714286,147,0.020126096153451213
277,2020-10-25,9739,1.0,Yes,9171.57142857143,159,0.021769042778222742
278,2020-10-26,9898,1.0,Yes,9359.57142857143,158,0.021632130559491782
279,2020-10-27,10056,1.0,Yes,9544.142857142857,103,0.014101958529288947
280,2020-10-28,10159,1.0,Yes,9709.285714285714,252,0.034501879120202084
281,2020-10-29,10411,1.0,Yes,9886.285714285714,201,0.027519355964923088
282,2020-10-30,10612,1.0,Yes,10066.714285714286,292,0.039978367869440506
283,2020-10-31,10904,1.0,Yes,10254.142857142857,310,0.0424427878065978
284,2020-11-01,11214,1.0,Yes,10464.857142857143,182,0.024918023809034837
285,2020-11-02,11396,1.0,Yes,10678.857142857143,453,0.062021235085125165
286,2020-11-03,11849,1.0,Yes,10935.0,693,0.09488016758055572
287,2020-11-04,12542,1.0,Yes,11275.42857142857,383,0.052437379773957925
288,2020-11-05,12925,1.0,Yes,11634.57142857143,379,0.051889730899034085
289,2020-11-06,13304,1.0,Yes,12019.142857142857,451,0.06174741064766325
290,2020-11-07,13755,1.0,Yes,12426.42857142857,307,0.04203205115040492
291,2020-11-08,14062,1.0,Yes,12833.285714285714,504,0.06900375824040417
292,2020-11-09,14566,1.0,Yes,13286.142857142857,671,0.09186809876847458
293,2020-11-10,15237,1.0,Yes,13770.142857142857,429,0.05873534183558212
294,2020-11-11,15666,1.0,Yes,14216.42857142857,570,0.07803996467664756
295,2020-11-12,16236,1.0,Yes,14689.42857142857,891,0.12198878688928594
296,2020-11-13,17127,1.0,Yes,15235.57142857143,652,0.08926676661258634
297,2020-11-14,17779,1.0,Yes,15810.42857142857,391,0.05353267752380561
298,2020-11-15,18170,1.0,Yes,16397.285714285714,523,0.07160509039629241
299,2020-11-16,18693,1.0,Yes,16986.85714285714,525,0.07187891483375433
300,2020-11-17,19218,1.0,Yes,17555.571428571428,631,0.08639161001923616
301,2020-11-18,19849,1.0,Yes,18153.14285714286,552,0.07557554473949028
302,2020-11-19,20401,1.0,Yes,18748.14285714286,907,0.12417938238898131
303,2020-11-20,21308,1.0,Yes,19345.428571428572,731,0.10008283189233222
304,2020-11-21,22039,1.0,Yes,19954.0,521,0.0713312659588305
305,2020-11-22,22560,1.0,Yes,20581.14285714286,470,0.0643487428035515
306,2020-11-23,23030,1.0,Yes,21200.714285714286,486,0.06653933830324688
307,2020-11-24,23516,1.0,Yes,21814.714285714286,531,0.0727003881461401
308,2020-11-25,24047,1.0,Yes,22414.428571428572,665,0.09104662545608883
309,2020-11-26,24712,1.0,Yes,23030.285714285714,713,0.09761841195517494
310,2020-11-27,25425,1.0,Yes,23618.428571428572,601,0.08228424345730734
311,2020-11-28,26026,1.0,Yes,24188.0,613,0.08392719008207888
312,2020-11-29,26639,1.0,Yes,24770.714285714286,558,0.07639701805187604
313,2020-11-30,27197,1.0,Yes,25366.0,632,0.08652852223796713
314,2020-12-01,27829,1.0,Yes,25982.14285714286,565,0.07735540358299277
315,2020-12-02,28394,1.0,Yes,26603.14285714286,1026,0.14047193641796563
316,2020-12-03,29420,1.0,Yes,27275.714285714286,754,0.10323181292314432
317,2020-12-04,30174,1.0,Yes,27954.14285714286,587,0.0803674723950739
318,2020-12-05,30761,1.0,Yes,28630.571428571428,420,0.057503131867003475
319,2020-12-06,31181,1.0,Yes,29279.428571428572,557,0.07626010583314508
320,2020-12-07,31738,1.0,Yes,29928.14285714286,550,0.07530172030202835
321,2020-12-08,32288,1.0,Yes,30565.14285714286,731,0.10008283189233222
322,2020-12-09,33019,1.0,Yes,31225.85714285714,599,0.08201041901984543
323,2020-12-10,33618,1.0,Yes,31825.571428571428,662,0.09063588879989594
324,2020-12-11,34280,1.0,Yes,32412.14285714286,504,0.06900375824040417
325,2020-12-12,34784,1.0,Yes,32986.857142857145,339,0.046413242149795655
326,2020-12-13,35123,1.0,Yes,33550.0,373,0.051068257586648326
327,2020-12-14,35496,1.0,Yes,34086.857142857145,288,0.03943071899451667
328,2020-12-15,35784,1.0,Yes,34586.28571428572,539,0.07379568589598778
329,2020-12-16,36323,1.0,Yes,35058.28571428572,429,0.05873534183558212
330,2020-12-17,36752,1.0,Yes,35506.0,473,0.06475947945974439
331,2020-12-18,37225,1.0,Yes,35926.71428571428,327,0.04477029552502413
332,2020-12-19,37552,1.0,Yes,36322.142857142855,263,0.03600791352624265
333,2020-12-20,37815,1.0,Yes,36706.71428571428,258,0.03532335243258784
334,2020-12-21,38073,1.0,Yes,37074.857142857145,356,0.04874074986822199
335,2020-12-22,38429,1.0,Yes,37452.71428571428,531,0.0727003881461401
336,2020-12-23,38960,1.0,Yes,37829.42857142857,413,0.05654474633588675
337,2020-12-24,39373,1.0,Yes,38203.857142857145,283,0.03874615790086186
338,2020-12-25,39656,1.0,Yes,38551.142857142855,149,0.020399920590913136
339,2020-12-26,39805,1.0,Yes,38873.0,82,0.011226801935938772
340,2020-12-27,39887,1.0,Yes,39169.0,170,0.02327507718426331
341,2020-12-28,40057,1.0,Yes,39452.42857142857,283,0.03874615790086186
342,2020-12-29,40340,1.0,Yes,39725.42857142857,412,0.05640783411715579
343,2020-12-30,40752,1.0,Yes,39981.42857142857,470,0.0643487428035515
344,2020-12-31,41222,1.0,Yes,40245.57142857143,334,0.045728681056140856
345,2021-01-01,41556,1.0,Yes,40517.0,282,0.0386092456821309
346,2021-01-02,41838,1.0,Yes,40807.42857142857,191,0.026150233777613486
347,2021-01-03,42029,1.0,Yes,41113.42857142857,296,0.040526016744364346
348,2021-01-04,42325,1.0,Yes,41437.42857142857,183,0.0250549360277658
349,2021-01-05,42508,1.0,Yes,41747.142857142855,298,0.04079984118182627
350,2021-01-06,42806,1.0,Yes,42040.57142857143,350,0.04791927655583622
351,2021-01-07,43156,1.0,Yes,42316.857142857145,384,0.052574291992688885
352,2021-01-08,43540,1.0,Yes,42600.28571428572,417,0.05709239521081059
353,2021-01-09,43957,1.0,Yes,42903.0,248,0.033954230245278244
354,2021-01-10,44205,1.0,Yes,43213.857142857145,167,0.022864340528070428
355,2021-01-11,44372,1.0,Yes,43506.28571428572,149,0.020399920590913136
356,2021-01-12,44521,1.0,Yes,43793.857142857145,310,0.0424427878065978
357,2021-01-13,44831,1.0,Yes,44083.142857142855,242,0.03313275693289247
358,2021-01-14,45073,1.0,Yes,44357.0,284,0.03888307011959283
359,2021-01-15,45357,1.0,Yes,44616.57142857143,238,0.03258510805796863
360,2021-01-16,45595,1.0,Yes,44850.57142857143,142,0.019441535059796414
361,2021-01-17,45737,1.0,Yes,45069.42857142857,73,0.009994591967360127
362,2021-01-18,45810,1.0,Yes,45274.857142857145,163,0.022316691653146585
363,2021-01-19,45973,1.0,Yes,45482.28571428572,171,0.02341198940299427
364,2021-01-20,46144,1.0,Yes,45669.857142857145,186,0.02546567268395868
365,2021-01-21,46330,1.0,Yes,45849.42857142857,188,0.0257394971214206
366,2021-01-22,46518,1.0,Yes,46015.28571428572,162,0.022179779434415625
367,2021-01-23,46680,1.0,Yes,46170.28571428572,138,0.01889388618487257
368,2021-01-24,46818,1.0,Yes,46324.71428571428,96,0.013143572998172221
369,2021-01-25,46914,1.0,Yes,46482.42857142857,155,0.0212213939032989
370,2021-01-26,47069,1.0,Yes,46639.0,171,0.02341198940299427
371,2021-01-27,47240,1.0,Yes,46795.57142857143,87,0.011911363029593575
372,2021-01-28,47327,1.0,Yes,46938.0,164,0.022453603871877545
373,2021-01-29,47491,1.0,Yes,47077.0,166,0.022727428309339468
374,2021-01-30,47657,1.0,Yes,47216.57142857143,120,0.01642946624771528
375,2021-01-31,47777,1.0,Yes,47353.57142857143,65,0.008899294217512442
376,2021-02-01,47842,1.0,Yes,47486.142857142855,91,0.012459011904517418
377,2021-02-02,47933,1.0,Yes,47609.57142857143,123,0.01684020290390816
378,2021-02-03,48056,1.0,Yes,47726.142857142855,171,0.02341198940299427
379,2021-02-04,48227,1.0,Yes,47854.71428571428,237,0.03244819583923767
380,2021-02-05,48464,1.0,Yes,47993.71428571428,276,0.03778777236974514
381,2021-02-06,48740,1.0,Yes,48148.42857142857,111,0.015197256279136633
382,2021-02-07,48851,1.0,Yes,48301.857142857145,110,0.01506034406040567
383,2021-02-08,48961,1.0,Yes,48461.71428571428,120,0.01642946624771528
384,2021-02-09,49081,1.0,Yes,48625.71428571428,138,0.01889388618487257
385,2021-02-10,49219,1.0,Yes,48791.857142857145,208,0.028477741496039814
386,2021-02-11,49427,1.0,Yes,48963.28571428572,247,0.03381731802654728
387,2021-02-12,49674,1.0,Yes,49136.142857142855,179,0.024507287152841957
388,2021-02-13,49853,1.0,Yes,49295.142857142855,125,0.01711402734137008
389,2021-02-14,49978,1.0,Yes,49456.142857142855,51,0.006982523155278993
390,2021-02-15,50029,1.0,Yes,49608.71428571428,78,0.01067915306101493
391,2021-02-16,50107,1.0,Yes,49755.28571428572,187,0.025602584902689643
392,2021-02-17,50294,1.0,Yes,49908.857142857145,199,0.027245531527461172
393,2021-02-18,50493,1.0,Yes,50061.142857142855,197,0.026971707089999245
394,2021-02-19,50690,1.0,Yes,50206.28571428572,141,0.01930462284106545
395,2021-02-20,50831,1.0,Yes,50346.0,120,0.01642946624771528
396,2021-02-21,50951,1.0,Yes,50485.0,85,0.011637538592131656
397,2021-02-22,51036,1.0,Yes,50628.857142857145,174,0.02382272605918715
398,2021-02-23,51210,1.0,Yes,50786.42857142857,179,0.024507287152841957
399,2021-02-24,51389,1.0,Yes,50942.857142857145,154,0.02108448168456794
400,2021-02-25,51543,1.0,Yes,51092.857142857145,166,0.022727428309339468
401,2021-02-26,51709,1.0,Yes,51238.42857142857,140,0.01916771062233449
402,2021-02-27,51849,1.0,Yes,51383.857142857145,126,0.017250939560101042
403,2021-02-28,51975,1.0,Yes,51530.142857142855,170,0.02327507718426331
404,2021-03-01,52145,1.0,Yes,51688.57142857143,119,0.016292554028984316
405,2021-03-02,52264,1.0,Yes,51839.142857142855,158,0.021632130559491782
406,2021-03-03,52422,1.0,Yes,51986.71428571428,197,0.026971707089999245
407,2021-03-04,52619,1.0,Yes,52140.42857142857,168,0.023001252746801388
408,2021-03-05,52787,1.0,Yes,52294.42857142857,189,0.025876409340151563
409,2021-03-06,52976,1.0,Yes,52455.42857142857,102,0.013965046310557986
410,2021-03-07,53078,1.0,Yes,52613.0,62,0.008488557561319561
411,2021-03-08,53140,1.0,Yes,52755.142857142855,118,0.016155641810253356
412,2021-03-09,53258,1.0,Yes,52897.142857142855,115,0.015744905154060476
413,2021-03-10,53373,2.0,No,53033.0,111,0.015197256279136633
414,2021-03-11,53484,2.0,No,53156.57142857143,141,0.01930462284106545
415,2021-03-12,53625,2.0,No,53276.28571428572,200,0.02738244374619213
416,2021-03-13,53825,2.0,No,53397.57142857143,160,0.021905954996953702
417,2021-03-14,53985,2.0,No,53527.142857142855,41,0.005613400967969386
418,2021-03-15,54026,2.0,No,53653.71428571428,75,0.010268416404822048
419,2021-03-16,54101,2.0,No,53774.142857142855,132,0.018072412872486805
420,2021-03-17,54233,2.0,No,53897.0,194,0.026560970433806366
421,2021-03-18,54427,2.0,No,54031.71428571428,255,0.03491261577639496
422,2021-03-19,54682,2.0,No,54182.71428571428,207,0.02834082927730885
423,2021-03-20,54889,2.0,No,54334.71428571428,99,0.013554309654365104
424,2021-03-21,54988,2.0,No,54478.0,27,0.0036966299057359375
425,2021-03-22,55015,2.0,No,54619.28571428572,226,0.03094216143319711
426,2021-03-23,55241,2.0,No,54782.142857142855,143,0.019578447278527374
427,2021-03-24,55384,2.0,No,54946.57142857143,177,0.024233462715380034
428,2021-03-25,55561,2.0,No,55108.57142857143,196,0.026834794871268285
429,2021-03-26,55757,2.0,No,55262.142857142855,174,0.02382272605918715
430,2021-03-27,55931,2.0,No,55411.0,155,0.0212213939032989
431,2021-03-28,56086,2.0,No,55567.857142857145,115,0.015744905154060476
432,2021-03-29,56201,2.0,No,55737.28571428572,215,0.029436127027156537
433,2021-03-30,56416,2.0,No,55905.142857142855,191,0.026150233777613486
434,2021-03-31,56607,2.0,No,56079.857142857145,315,0.043127348900252604
435,2021-04-01,56922,2.0,No,56274.28571428572,268,0.036692474619897456
436,2021-04-02,57190,2.0,No,56479.0,223,0.030531424777004223
437,2021-04-03,57413,2.0,No,56690.71428571428,190,0.026013321558882523
438,2021-04-04,57603,2.0,No,56907.42857142857,128,0.01752476399756296
439,2021-04-05,57731,2.0,No,57126.0,186,0.02546567268395868
440,2021-04-06,57917,2.0,No,57340.42857142857,289,0.03956763121324763
441,2021-04-07,58206,2.0,No,57568.857142857145,267,0.036555562401166496
442,2021-04-08,58473,2.0,No,57790.42857142857,229,0.031352898089389986
443,2021-04-09,58702,2.0,No,58006.42857142857,152,0.020810657247106016
444,2021-04-10,58854,2.0,No,58212.28571428572,149,0.020399920590913136
445,2021-04-11,59003,2.0,No,58412.28571428572,165,0.022590516090608508
446,2021-04-12,59168,2.0,No,58617.57142857143,331,0.04531794439994797
447,2021-04-13,59499,2.0,No,58843.57142857143,285,0.03901998233832378
448,2021-04-14,59784,2.0,No,59069.0,195,0.02669788265253733
449,2021-04-15,59979,2.0,No,59284.142857142855,330,0.045181032181217017
450,2021-04-16,60309,2.0,No,59513.71428571428,176,0.024096550496649074
451,2021-04-17,60485,2.0,No,59746.71428571428,161,0.022042867215684665
452,2021-04-18,60646,2.0,No,59981.42857142857,116,0.015881817372791436
453,2021-04-19,60762,2.0,No,60209.142857142855,375,0.051342082024110246
454,2021-04-20,61137,2.0,No,60443.142857142855,224,0.030668336995735183
455,2021-04-21,61361,2.0,No,60668.42857142857,390,0.05339576530507466
456,2021-04-22,61751,2.0,No,60921.57142857143,283,0.03874615790086186
457,2021-04-23,62034,2.0,No,61168.0,220,0.03012068812081134
458,2021-04-24,62254,2.0,No,61420.71428571428,268,0.036692474619897456
459,2021-04-25,62522,2.0,No,61688.71428571428,200,0.02738244374619213
460,2021-04-26,62722,2.0,No,61968.71428571428,260,0.03559717687004977
461,2021-04-27,62982,2.0,No,62232.28571428572,100,0.013691221873096064
462,2021-04-28,63082,2.0,No,62478.142857142855,480,0.06571786499086112
463,2021-04-29,63562,2.0,No,62736.857142857145,324,0.04435955886883125
464,2021-04-30,63886,2.0,No,63001.42857142857,293,0.040115280088171466
465,2021-05-01,64179,2.0,No,63276.42857142857,187,0.025602584902689643
466,2021-05-02,64366,2.0,No,63539.857142857145,199,0.027245531527461172
467,2021-05-03,64565,2.0,No,63803.142857142855,284,0.03888307011959283
468,2021-05-04,64849,2.0,No,64069.857142857145,307,0.04203205115040492
469,2021-05-05,65156,2.0,No,64366.142857142855,241,0.03299584471416152
470,2021-05-06,65397,2.0,No,64628.28571428572,269,0.03682938683862841
471,2021-05-07,65666,2.0,No,64882.57142857143,264,0.03614482574497361
472,2021-05-08,65930,2.0,No,65132.71428571428,214,0.02929921480842558
473,2021-05-09,66144,2.0,No,65386.71428571428,230,0.03148981030812095
474,2021-05-10,66374,2.0,No,65645.14285714286,164,0.022453603871877545
475,2021-05-11,66538,2.0,No,65886.42857142857,258,0.03532335243258784
476,2021-05-12,66796,2.0,No,66120.71428571429,359,0.049151486524414874
477,2021-05-13,67155,2.0,No,66371.85714285714,252,0.034501879120202084
478,2021-05-14,67407,2.0,No,66620.57142857143,175,0.02395963827791811
479,2021-05-15,67582,2.0,No,66856.57142857143,116,0.015881817372791436
480,2021-05-16,67698,2.0,No,67078.57142857143,184,0.025191848246496756
481,2021-05-17,67882,2.0,No,67294.0,196,0.026834794871268285
482,2021-05-18,68078,2.0,No,67514.0,226,0.03094216143319711
483,2021-05-19,68304,2.0,No,67729.42857142857,193,0.026424058215075402
484,2021-05-20,68497,2.0,No,67921.14285714286,156,0.02135830612202986
485,2021-05-21,68653,2.0,No,68099.14285714286,183,0.0250549360277658
486,2021-05-22,68836,2.0,No,68278.28571428571,101,0.013828134091827026
487,2021-05-23,68937,2.0,No,68455.28571428571,94,0.0128697485607103
488,2021-05-24,69031,2.0,No,68619.42857142857,476,0.06517021611593726
489,2021-05-25,69507,2.0,No,68823.57142857143,229,0.031352898089389986
490,2021-05-26,69736,2.0,No,69028.14285714286,215,0.029436127027156537
491,2021-05-27,69951,2.0,No,69235.85714285714,171,0.02341198940299427
492,2021-05-28,70122,2.0,No,69445.71428571429,122,0.0167032906851772
493,2021-05-29,70244,2.0,No,69646.85714285714,95,0.013006660779441261
494,2021-05-30,70339,2.0,No,69847.14285714286,61,0.0083516453425886
495,2021-05-31,70400,2.0,No,70042.71428571429,125,0.01711402734137008
496,2021-06-01,70525,2.0,No,70188.14285714286,125,0.01711402734137008
497,2021-06-02,70650,2.0,No,70318.71428571429,209,0.028614653714770774
498,2021-06-03,70859,2.0,No,70448.42857142857,128,0.01752476399756296
499,2021-06-04,70987,2.0,No,70572.0,145,0.019852271715989293
500,2021-06-05,71132,2.0,No,70698.85714285714,74,0.010131504186091086
501,2021-06-06,71206,2.0,No,70822.71428571429,96,0.013143572998172221
502,2021-06-07,71302,2.0,No,70951.57142857143,120,0.01642946624771528
503,2021-06-08,71422,2.0,No,71079.71428571429,143,0.019578447278527374
504,2021-06-09,71565,2.0,No,71210.42857142857,133,0.018209325091217764
505,2021-06-10,71698,2.0,No,71330.28571428571,175,0.02395963827791811
506,2021-06-11,71873,2.0,No,71456.85714285714,104,0.014238870748019907
507,2021-06-12,71977,2.0,No,71577.57142857143,118,0.016155641810253356
508,2021-06-13,72095,2.0,No,71704.57142857143,53,0.007256347592740914
509,2021-06-14,72148,2.0,No,71825.42857142857,106,0.014512695185481829
510,2021-06-15,72254,2.0,No,71944.28571428571,114,0.015607992935329513
511,2021-06-16,72368,2.0,No,72059.0,118,0.016155641810253356
512,2021-06-17,72486,2.0,No,72171.57142857143,84,0.011500626373400694
513,2021-06-18,72570,2.0,No,72271.14285714286,65,0.008899294217512442
514,2021-06-19,72635,2.0,No,72365.14285714286,59,0.008077820905126678
515,2021-06-20,72694,2.0,No,72450.71428571429,42,0.005750313186700347
516,2021-06-21,72736,2.0,No,72534.71428571429,76,0.010405328623553008
517,2021-06-22,72812,2.0,No,72614.42857142857,77,0.01054224084228397
518,2021-06-23,72889,2.0,No,72688.85714285714,97,0.013280485216903183
519,2021-06-24,72986,2.0,No,72760.28571428571,56,0.007667084248933796
520,2021-06-25,73042,2.0,No,72827.71428571429,101,0.013828134091827026
521,2021-06-26,73143,2.0,No,72900.28571428571,33,0.004518103218121701
522,2021-06-27,73176,2.0,No,72969.14285714286,53,0.007256347592740914
523,2021-06-28,73229,2.0,No,73039.57142857143,67,0.009173118654974364
524,2021-06-29,73296,2.0,No,73108.71428571429,72,0.009857679748629167
525,2021-06-30,73368,2.0,No,73177.14285714286,83,0.011363714154669734
526,2021-07-01,73451,2.0,No,73243.57142857143,57,0.007803996467664756
527,2021-07-02,73508,2.0,No,73310.14285714286,86,0.011774450810862615
528,2021-07-03,73594,2.0,No,73374.57142857143,41,0.005613400967969386
529,2021-07-04,73635,2.0,No,73440.14285714286,38,0.005202664311776504
530,2021-07-05,73673,2.0,No,73503.57142857143,52,0.0071194353740099536
531,2021-07-06,73725,2.0,No,73564.85714285714,88,0.012048275248324537
532,2021-07-07,73813,2.0,No,73628.42857142857,95,0.013006660779441261
533,2021-07-08,73908,2.0,No,73693.71428571429,138,0.01889388618487257
534,2021-07-09,74046,2.0,No,73770.57142857143,64,0.00876238199878148
535,2021-07-10,74110,2.0,No,73844.28571428571,61,0.0083516453425886
536,2021-07-11,74171,2.0,No,73920.85714285714,52,0.0071194353740099536
537,2021-07-12,74223,2.0,No,73999.42857142857,130,0.017798588435024885
538,2021-07-13,74353,2.0,No,74089.14285714286,81,0.011089889717207813
539,2021-07-14,74434,2.0,No,74177.85714285714,68,0.009310030873705324
540,2021-07-15,74502,2.0,No,74262.71428571429,96,0.013143572998172221
541,2021-07-16,74598,2.0,No,74341.57142857143,79,0.010816065279745891
542,2021-07-17,74677,2.0,No,74422.57142857143,55,0.007530172030202835
543,2021-07-18,74732,2.0,No,74502.71428571429,84,0.011500626373400694
544,2021-07-19,74816,2.0,No,74587.42857142857,111,0.015197256279136633
545,2021-07-20,74927,2.0,No,74669.42857142857,116,0.015881817372791436
546,2021-07-21,75043,2.0,No,74756.42857142857,150,0.020536832809644096
547,2021-07-22,75193,2.0,No,74855.14285714286,107,0.01464960740421279
548,2021-07-23,75300,2.0,No,74955.42857142857,0,0.0
549,2021-07-24,75300,2.0,No,75044.42857142857,0,0.0
550,2021-07-25,75300,2.0,No,75125.57142857143,287,0.03929380677578571
551,2021-07-26,75587,2.0,No,75235.71428571429,156,0.02135830612202986
552,2021-07-27,75743,2.0,No,75352.28571428571,127,0.017387851778832
553,2021-07-28,75870,2.0,No,75470.42857142857,197,0.026971707089999245
554,2021-07-29,76067,2.0,No,75595.28571428571,164,0.022453603871877545
555,2021-07-30,76231,2.0,No,75728.28571428571,0,0.0
556,2021-07-31,76231,2.0,No,75861.28571428571,0,0.0
557,2021-08-01,76231,2.0,No,75994.28571428571,350,0.04791927655583622
558,2021-08-02,76581,2.0,No,76136.28571428571,177,0.024233462715380034
559,2021-08-03,76758,2.0,No,76281.28571428571,266,0.03641865018243553
560,2021-08-04,77024,2.0,No,76446.14285714286,234,0.032037459183044785
561,2021-08-05,77258,2.0,No,76616.28571428571,232,0.03176363474558287
562,2021-08-06,77490,2.0,No,76796.14285714286,0,0.0
563,2021-08-07,77490,2.0,No,76976.0,0,0.0
564,2021-08-08,77490,2.0,No,77155.85714285714,398,0.054491063054922344
565,2021-08-09,77888,2.0,No,77342.57142857143,166,0.022727428309339468
566,2021-08-10,78054,2.0,No,77527.71428571429,218,0.029846863683349423
567,2021-08-11,78272,2.0,No,77706.0,232,0.03176363474558287
568,2021-08-12,78504,2.0,No,77884.0,162,0.022179779434415625
569,2021-08-13,78666,2.0,No,78052.0,0,0.0
570,2021-08-14,78666,2.0,No,78220.0,0,0.0
571,2021-08-15,78666,2.0,No,78388.0,394,0.05394341417999849
572,2021-08-16,79060,2.0,No,78555.42857142857,257,0.03518644021385689
573,2021-08-17,79317,2.0,No,78735.85714285714,230,0.03148981030812095
574,2021-08-18,79547,2.0,No,78918.0,199,0.027245531527461172
575,2021-08-19,79746,2.0,No,79095.42857142857,206,0.028203917058577894
576,2021-08-20,79952,2.0,No,79279.14285714286,0,0.0
577,2021-08-21,79952,2.0,No,79462.85714285714,0,0.0
578,2021-08-22,79952,2.0,No,79646.57142857143,561,0.07680775470806891
579,2021-08-23,80513,2.0,No,79854.14285714286,167,0.022864340528070428
580,2021-08-24,80680,2.0,No,80048.85714285714,301,0.04121057783801915
581,2021-08-25,80981,2.0,No,80253.71428571429,258,0.03532335243258784
582,2021-08-26,81239,2.0,No,80467.0,288,0.03943071899451667
583,2021-08-27,81527,2.0,No,80692.0,0,0.0
584,2021-08-28,81527,2.0,No,80917.0,0,0.0
585,2021-08-29,81527,2.0,No,81142.0,555,0.07598628139568316
586,2021-08-30,82082,2.0,No,81366.14285714286,439,0.06010446402289172
587,2021-08-31,82521,2.0,No,81629.14285714286,333,0.045591768837409896
588,2021-09-01,82854,2.0,No,81896.71428571429,333,0.045591768837409896
589,2021-09-02,83187,2.0,No,82175.0,391,0.05353267752380561
590,2021-09-03,83578,2.0,No,82468.0,0,0.0
591,2021-09-04,83578,2.0,No,82761.0,0,0.0
592,2021-09-05,83578,2.0,No,83054.0,782,0.10706535504761122
593,2021-09-06,84360,2.0,No,83379.42857142857,233,0.03190054696431383
594,2021-09-07,84593,2.0,No,83675.42857142857,254,0.034775703557664
595,2021-09-08,84847,2.0,No,83960.14285714286,375,0.051342082024110246
596,2021-09-09,85222,2.0,No,84250.85714285714,381,0.05216355533649601
597,2021-09-10,85603,2.0,No,84540.14285714286,0,0.0
598,2021-09-11,85603,2.0,No,84829.42857142857,0,0.0
599,2021-09-12,85603,2.0,No,85118.71428571429,928,0.1270545389823315
600,2021-09-13,86531,2.0,No,85428.85714285714,391,0.05353267752380561
601,2021-09-14,86922,2.0,No,85761.57142857143,327,0.04477029552502413
602,2021-09-15,87249,2.0,No,86104.71428571429,347,0.04750853989964334
603,2021-09-16,87596,2.0,No,86443.85714285714,340,0.04655015436852662
604,2021-09-17,87936,2.0,No,86777.14285714286,0,0.0
605,2021-09-18,87936,2.0,No,87110.42857142857,0,0.0
606,2021-09-19,87936,2.0,No,87443.71428571429,781,0.10692844282888027
607,2021-09-20,88717,2.0,No,87756.0,317,0.043401173337714524
608,2021-09-21,89034,2.0,No,88057.71428571429,287,0.03929380677578571
609,2021-09-22,89321,2.0,No,88353.71428571429,360,0.04928839874314583
610,2021-09-23,89681,2.0,No,88651.57142857143,303,0.04148440227548108
611,2021-09-24,89984,2.0,No,88944.14285714286,0,0.0
612,2021-09-25,89984,2.0,No,89236.71428571429,0,0.0
613,2021-09-26,89984,2.0,No,89529.28571428571,720,0.09857679748629165
614,2021-09-27,90704,2.0,No,89813.14285714286,391,0.05353267752380561
615,2021-09-28,91095,2.0,No,90107.57142857143,280,0.03833542124466898
616,2021-09-29,91375,2.0,No,90401.0,449,0.06147358621020133
617,2021-09-30,91824,2.0,No,90707.14285714286,327,0.04477029552502413
618,2021-10-01,92151,2.0,No,91016.71428571429,0,0.0
619,2021-10-02,92151,2.0,No,91326.28571428571,0,0.0
620,2021-10-03,92151,2.0,No,91635.85714285714,879,0.12034584026451442
621,2021-10-04,93030,2.0,No,91968.14285714286,382,0.05230046755522697
622,2021-10-05,93412,2.0,No,92299.14285714286,299,0.04093675340055723
623,2021-10-06,93711,2.0,No,92632.85714285714,459,0.06284270839751094
624,2021-10-07,94170,2.0,No,92968.0,488,0.0668131627407088
625,2021-10-08,94658,2.0,No,93326.14285714286,0,0.0
626,2021-10-09,94658,2.0,No,93684.28571428571,0,0.0
627,2021-10-10,94658,2.0,No,94042.42857142857,923,0.12636997788867668
628,2021-10-11,95581,2.0,No,94406.85714285714,267,0.036555562401166496
629,2021-10-12,95848,2.0,No,94754.85714285714,319,0.04367499777517645
630,2021-10-13,96167,2.0,No,95105.71428571429,554,0.07584936917695219
631,2021-10-14,96721,2.0,No,95470.14285714286,364,0.04983604761806967
632,2021-10-15,97085,2.0,No,95816.85714285714,0,0.0
